op_name,posit_type,announcement_link,org_sponsr,localdrive_link,internal_ID,job_title,application_deadline,application_portal,app_portal_link,clearance_req,salary_compensation,desig_age_grd,position_length,date_start,date_stop,duty_station,work_range,responsiblities_sum,desired_education_sum,req_skills_sum,pref_skills_sum,work_conditions_sum,application_components,poss_remote,poss_housing,poss_project,poss_transport,poss_studentstatus,gpa_num,references_num,poss_collegecredit,poss_professdev,pert_details_sum,contact_info_name,contact_info_email,contact_info_phone,poss_tribal,poss_cohort,padlet posted,archive_status
,,,,,,,,,,,,,,,,,null,,,,,,,,,,,,,,,,,,,,,,,
Spawning Ground Surveyor – Scientific Technician 2 (Non-Perm,contract_seasonal,https://www.governmentjobs.com/careers/washington/jobs/5048502/spawning-ground-surveyor-scientific-technician-2-non-perm-four-positions,Dept. of Fish and Wildlife,null,WDFW_GJ-5048502_0001_2025,"Spawning Ground Surveyor – Scientific Technician 2 (Non-Perm, four positions)",null,governmentjobs.com,null,null,null,null,null,null,null,null,null,null,null,null,null,null,null,null,null,null,null,null,null,null,null,null,null,null,null,null,null,null,null,null
Fishery Sampler – Scientific Technician 2 (Career-Seasonal),contract_seasonal,https://www.governmentjobs.com/careers/washington/jobs/5049716/fishery-sampler-scientific-technician-2-career-seasonal-2025-05832,Dept. of Fish and Wildlife,null,WDFW_GJ-5049716_0001_2025,Fishery Sampler – Scientific Technician 2 (Career-Seasonal),null,governmentjobs.com,null,null,null,null,null,null,null,null,null,null,null,null,null,null,null,null,null,null,null,null,null,null,null,null,null,null,null,null,null,null,null,null
Olympic Peninsula District Biologist – Fish & Wildlife Biolo,career_fulltime,https://www.governmentjobs.com/careers/washington/jobs/5012272/olympic-peninsula-district-biologist-fish-and-wildlife-biologist-4-permanent,Dept. of Fish and Wildlife,null,WDFW_GJ-5012272_0001_2025,Olympic Peninsula District Biologist – Fish & Wildlife Biologist 4 (Permanent),null,governmentjobs.com,null,null,null,null,null,null,null,null,null,null,null,null,null,null,null,null,null,null,null,null,null,null,null,null,null,null,null,null,null,null,null,null
Washington Invasive Species Council (WISC) Executive Coordin,career_fulltime,https://www.governmentjobs.com/careers/washington/jobs/5036259/washington-invasive-species-council-wisc-executive-coordinator-wms2,Recreation and Conservation Office,null,RCO_GJ-5036259_0001_2025,Washington Invasive Species Council (WISC) Executive Coordinator (WMS2),null,governmentjobs.com,null,null,null,null,null,null,null,null,null,null,null,null,null,null,null,null,null,null,null,null,null,null,null,null,null,null,null,null,null,null,null,null
Adaptive Systems & Accountability Manager (EMS Band 2),career_fulltime,http://governmentjobs.com/careers/washington/jobs/5035156/adaptive-systems-and-accountability-manager-ems-band-2,Puget Sound Partnership,null,PSP_GJ-5035156_0001_2025,Adaptive Systems & Accountability Manager (EMS Band 2),null,governmentjobs.com,null,null,null,null,null,null,null,null,null,null,null,null,null,null,null,null,null,null,null,null,null,null,null,null,null,null,null,null,null,null,null,null
Environmental Services – Program Specialist 2,career_fulltime,https://www.governmentjobs.com/careers/washington/jobs/5044108/environmental-services-program-specialist-2,Washington State Parks and Recreation Commission,null,PARKS_GJ-5044108_0001_2025,Environmental Services – Program Specialist 2,null,governmentjobs.com,null,null,null,null,null,null,null,null,null,null,null,null,null,null,null,null,null,null,null,null,null,null,null,null,null,null,null,null,null,null,null,null
Stormwater Strategic Initiative Lead – Environmental Planner,project_fulltime,https://www.governmentjobs.com/careers/washington/jobs/5041391/stormwater-strategic-initiative-lead-environmental-planner-5,Dept. of Ecology – Water Quality,null,ECY_GJ-5041391_0001_2025,Stormwater Strategic Initiative Lead – Environmental Planner 5,null,governmentjobs.com,null,null,null,null,null,null,null,null,null,null,null,null,null,null,null,null,null,null,null,null,null,null,null,null,null,null,null,null,null,null,null,null
Industrial Wastewater Permit Manager – Environmental Enginee,career_fulltime,https://www.governmentjobs.com/careers/washington/jobs/5032534/industrial-wastewater-permit-manager-environmental-engineer-3,Dept. of Ecology – Water Quality,null,ECY_GJ-5032534_0001_2025,Industrial Wastewater Permit Manager – Environmental Engineer 3,null,governmentjobs.com,null,null,null,null,null,null,null,null,null,null,null,null,null,null,null,null,null,null,null,null,null,null,null,null,null,null,null,null,null,null,null,null
Transportation Planning Specialist 4,career_fulltime,https://www.governmentjobs.com/careers/washington/jobs/5053098/transportation-planning-specialist-4,Dept. of Transportation – Olympic Region,null,WSDOT_GJ-5053098_0001_2025,Transportation Planning Specialist 4,null,governmentjobs.com,null,null,null,null,null,null,null,null,null,null,null,null,null,null,null,null,null,null,null,null,null,null,null,null,null,null,null,null,null,null,null,null
Environmental Planner 4 (EP4),career_fulltime,https://www.governmentjobs.com/careers/washington/jobs/5048079/environmental-planner-4-ep4,Department of Natural Resources,null,DNR_GJ-5048079_0001_2025,Environmental Planner 4 (EP4),null,governmentjobs.com,null,null,null,null,null,null,null,null,null,null,null,null,null,null,null,null,null,null,null,null,null,null,null,null,null,null,null,null,null,null,null,null
Spatial Research Analyst (MA 4),career_fulltime,https://www.governmentjobs.com/careers/washington/jobs/5034956/spatial-research-analyst-ma-4,Dept. of Commerce – Local Government & Infrastructure Division,null,COM_GJ-5034956_0001_2025,Spatial Research Analyst (MA 4),null,governmentjobs.com,null,null,null,null,null,null,null,null,null,null,null,null,null,null,null,null,null,null,null,null,null,null,null,null,null,null,null,null,null,null,null,null
Observer Application (General),contract_fulltime,https://fs22.formsite.com/Saltwaterinc/form1/index.html,"Saltwater, Inc.",null,SWI_FORM-OBS-APP_0001_2025,Observer Application (General),null,Company site,null,null,null,null,null,null,null,null,null,null,null,null,null,null,null,null,null,null,null,null,null,null,null,null,null,null,null,null,null,null,null,null
West Coast Groundfish Observer,contract_fulltime,https://www.saltwaterinc.com/job-openings/west-coast-groundfish-observer-jobs/,"Saltwater, Inc.",null,SWI_WCGO-0001_0001_2025,West Coast Groundfish Observer,null,Company site,null,null,null,null,null,null,null,null,null,null,null,null,null,null,null,null,null,null,null,null,null,null,null,null,null,null,null,null,null,null,null,null
North Pacific Observer,contract_fulltime,https://www.saltwaterinc.com/job-openings/north-pacific-observer-jobs/,"Saltwater, Inc.",null,SWI_NPGO-0001_0001_2025,North Pacific Observer,null,Company site,null,null,null,null,null,null,null,null,null,null,null,null,null,null,null,null,null,null,null,null,null,null,null,null,null,null,null,null,null,null,null,null
Alaska Shellfish (Crab) Observer,contract_fulltime,https://www.saltwaterinc.com/job-openings/alaska-shellfish-crab-observer-jobs/,"Saltwater, Inc.",null,SWI_ALSK-CRAB-0001_0001_2025,Alaska Shellfish (Crab) Observer,null,Company site,null,null,null,null,null,null,null,null,null,null,null,null,null,null,null,null,null,null,null,null,null,null,null,null,null,null,null,null,null,null,null,null
Recruitment Posting (ADP),null,https://workforcenow.adp.com/mascsr/default/mdf/recruitment/recruitment.html?cid=9a93435d-91d4-4a65-8a21-2de9187df1dd&ccId=19000101_000001&type=MP&lang=en_US&jobId=18732,"Saltwater, Inc.",null,SWI_ADP-18732_0001_2025,Recruitment Posting (ADP),null,ADP,null,null,null,null,null,null,null,null,null,null,null,null,null,null,null,null,null,null,null,null,null,null,null,null,null,null,null,null,null,null,null,null
Jr Program Analyst (Remote),career_fulltime,https://careers-lynker.icims.com/jobs/1428/jr-program-analyst/job,Lynker Corporation,null,LYNKER_1428_0001_2025,Junior Program Analyst,null,iCIMS,null,null,null,null,null,null,null,Remote (U.S.),null,null,null,null,null,null,null,Yes,null,null,null,null,null,null,null,null,null,null,null,null,null,null,null,null
Microbiologist (NSIL support),career_fulltime,https://jobs.gusto.com/postings/azura-consulting-llc-microbiologist-02e67146-920f-466c-9b31-e7e966f255bc,Azura Consulting LLC,null,AZURA_02e67146_0001_2025,Microbiologist,null,Gusto,null,null,null,null,null,null,null,null,null,null,null,null,null,null,null,null,null,null,null,null,null,null,null,null,null,null,null,null,null,null,null,null
AIS Observers Posting,null,https://aisobservers.bamboohr.com/careers/26,"AIS Observers, Inc.",null,AIS_AIS-26_0001_2025,null,null,BambooHR,null,null,null,null,null,null,null,null,null,null,null,null,null,null,null,null,null,null,null,null,null,null,null,null,null,null,null,null,null,null,null,null
AIS Observers Posting,null,https://aisobservers.bamboohr.com/careers/27,"AIS Observers, Inc.",null,AIS_AIS-27_0001_2025,null,null,BambooHR,null,null,null,null,null,null,null,null,null,null,null,null,null,null,null,null,null,null,null,null,null,null,null,null,null,null,null,null,null,null,null,null
AIS Observers Posting,null,https://aisobservers.bamboohr.com/careers/30,"AIS Observers, Inc.",null,AIS_AIS-30_0001_2025,null,null,BambooHR,null,null,null,null,null,null,null,null,null,null,null,null,null,null,null,null,null,null,null,null,null,null,null,null,null,null,null,null,null,null,null,null
AIS Observers Posting,null,https://aisobservers.bamboohr.com/careers/31,"AIS Observers, Inc.",null,AIS_AIS-31_0001_2025,null,null,BambooHR,null,null,null,null,null,null,null,null,null,null,null,null,null,null,null,null,null,null,null,null,null,null,null,null,null,null,null,null,null,null,null,null
AIS Observers Posting,null,https://aisobservers.bamboohr.com/careers/32,"AIS Observers, Inc.",null,AIS_AIS-32_0001_2025,null,null,BambooHR,null,null,null,null,null,null,null,null,null,null,null,null,null,null,null,null,null,null,null,null,null,null,null,null,null,null,null,null,null,null,null,null
AIS Observers Posting,null,https://aisobservers.bamboohr.com/careers/33,"AIS Observers, Inc.",null,AIS_AIS-33_0001_2025,null,null,BambooHR,null,null,null,null,null,null,null,null,null,null,null,null,null,null,null,null,null,null,null,null,null,null,null,null,null,null,null,null,null,null,null,null
AIS Observers Posting,null,https://aisobservers.bamboohr.com/careers/34,"AIS Observers, Inc.",null,AIS_AIS-34_0001_2025,null,null,BambooHR,null,null,null,null,null,null,null,null,null,null,null,null,null,null,null,null,null,null,null,null,null,null,null,null,null,null,null,null,null,null,null,null
AIS Observers Posting,null,https://aisobservers.bamboohr.com/careers/37,"AIS Observers, Inc.",null,AIS_AIS-37_0001_2025,null,null,BambooHR,null,null,null,null,null,null,null,null,null,null,null,null,null,null,null,null,null,null,null,null,null,null,null,null,null,null,null,null,null,null,null,null
AIS Observers Posting,null,https://aisobservers.bamboohr.com/careers/38,"AIS Observers, Inc.",null,AIS_AIS-38_0001_2025,null,null,BambooHR,null,null,null,null,null,null,null,null,null,null,null,null,null,null,null,null,null,null,null,null,null,null,null,null,null,null,null,null,null,null,null,null
AIS Observers Posting,null,https://aisobservers.bamboohr.com/careers/40,"AIS Observers, Inc.",null,AIS_AIS-40_0001_2025,null,null,BambooHR,null,null,null,null,null,null,null,null,null,null,null,null,null,null,null,null,null,null,null,null,null,null,null,null,null,null,null,null,null,null,null,null
AIS Observers Posting,null,https://aisobservers.bamboohr.com/careers/43,"AIS Observers, Inc.",null,AIS_AIS-43_0001_2025,null,null,BambooHR,null,null,null,null,null,null,null,null,null,null,null,null,null,null,null,null,null,null,null,null,null,null,null,null,null,null,null,null,null,null,null,null
AIS Observers Posting,null,https://aisobservers.bamboohr.com/careers/44,"AIS Observers, Inc.",null,AIS_AIS-44_0001_2025,null,null,BambooHR,null,null,null,null,null,null,null,null,null,null,null,null,null,null,null,null,null,null,null,null,null,null,null,null,null,null,null,null,null,null,null,null
AIS Observers Posting,null,https://aisobservers.bamboohr.com/careers/49,"AIS Observers, Inc.",null,AIS_AIS-49_0001_2025,null,null,BambooHR,null,null,null,null,null,null,null,null,null,null,null,null,null,null,null,null,null,null,null,null,null,null,null,null,null,null,null,null,null,null,null,null
AIS Observers Posting,null,https://aisobservers.bamboohr.com/careers/50,"AIS Observers, Inc.",null,AIS_AIS-50_0001_2025,null,null,BambooHR,null,null,null,null,null,null,null,null,null,null,null,null,null,null,null,null,null,null,null,null,null,null,null,null,null,null,null,null,null,null,null,null
AIS Observers Posting,null,https://aisobservers.bamboohr.com/careers/52,"AIS Observers, Inc.",null,AIS_AIS-52_0001_2025,null,null,BambooHR,null,null,null,null,null,null,null,null,null,null,null,null,null,null,null,null,null,null,null,null,null,null,null,null,null,null,null,null,null,null,null,null
AIS Observers Posting,null,https://aisobservers.bamboohr.com/careers/53,"AIS Observers, Inc.",null,AIS_AIS-53_0001_2025,null,null,BambooHR,null,null,null,null,null,null,null,null,null,null,null,null,null,null,null,null,null,null,null,null,null,null,null,null,null,null,null,null,null,null,null,null
AIS Observers Posting,null,https://aisobservers.bamboohr.com/careers/55,"AIS Observers, Inc.",null,AIS_AIS-55_0001_2025,null,null,BambooHR,null,null,null,null,null,null,null,null,null,null,null,null,null,null,null,null,null,null,null,null,null,null,null,null,null,null,null,null,null,null,null,null
AIS Observers Posting,null,https://aisobservers.bamboohr.com/careers/56,"AIS Observers, Inc.",null,AIS_AIS-56_0001_2025,null,null,BambooHR,null,null,null,null,null,null,null,null,null,null,null,null,null,null,null,null,null,null,null,null,null,null,null,null,null,null,null,null,null,null,null,null
AIS Observers Posting,null,https://aisobservers.bamboohr.com/careers/57,"AIS Observers, Inc.",null,AIS_AIS-57_0001_2025,null,null,BambooHR,null,null,null,null,null,null,null,null,null,null,null,null,null,null,null,null,null,null,null,null,null,null,null,null,null,null,null,null,null,null,null,null
AIS Observers Posting,null,https://aisobservers.bamboohr.com/careers/58,"AIS Observers, Inc.",null,AIS_AIS-58_0001_2025,null,null,BambooHR,null,null,null,null,null,null,null,null,null,null,null,null,null,null,null,null,null,null,null,null,null,null,null,null,null,null,null,null,null,null,null,null
AIS Observers Posting,null,http://aisobservers.bamboohr.com/careers/59,"AIS Observers, Inc.",null,AIS_AIS-59_0001_2025,null,null,BambooHR,null,null,null,null,null,null,null,null,null,null,null,null,null,null,null,null,null,null,null,null,null,null,null,null,null,null,null,null,null,null,null,null
AIS Observers Posting,null,https://aisobservers.bamboohr.com/careers/63,"AIS Observers, Inc.",null,AIS_AIS-63_0001_2025,null,null,BambooHR,null,null,null,null,null,null,null,null,null,null,null,null,null,null,null,null,null,null,null,null,null,null,null,null,null,null,null,null,null,null,null,null
AIS Observers Posting,null,https://aisobservers.bamboohr.com/careers/64,"AIS Observers, Inc.",null,AIS_AIS-64_0001_2025,null,null,BambooHR,null,null,null,null,null,null,null,null,null,null,null,null,null,null,null,null,null,null,null,null,null,null,null,null,null,null,null,null,null,null,null,null
AIS Observers Posting,null,https://aisobservers.bamboohr.com/careers/65,"AIS Observers, Inc.",null,AIS_AIS-65_0001_2025,null,null,BambooHR,null,null,null,null,null,null,null,null,null,null,null,null,null,null,null,null,null,null,null,null,null,null,null,null,null,null,null,null,null,null,null,null
AIS Observers Posting,null,https://aisobservers.bamboohr.com/careers/66,"AIS Observers, Inc.",null,AIS_AIS-66_0001_2025,null,null,BambooHR,null,null,null,null,null,null,null,null,null,null,null,null,null,null,null,null,null,null,null,null,null,null,null,null,null,null,null,null,null,null,null,null
AIS Observers Posting,null,https://aisobservers.bamboohr.com/careers/70,"AIS Observers, Inc.",null,AIS_AIS-70_0001_2025,null,null,BambooHR,null,null,null,null,null,null,null,null,null,null,null,null,null,null,null,null,null,null,null,null,null,null,null,null,null,null,null,null,null,null,null,null
AIS Observers Posting,null,https://aisobservers.bamboohr.com/careers/71,"AIS Observers, Inc.",null,AIS_AIS-71_0001_2025,null,null,BambooHR,null,null,null,null,null,null,null,null,null,null,null,null,null,null,null,null,null,null,null,null,null,null,null,null,null,null,null,null,null,null,null,null
AIS Observers Posting,null,https://aisobservers.bamboohr.com/careers/72,"AIS Observers, Inc.",null,AIS_AIS-72_0001_2025,null,null,BambooHR,null,null,null,null,null,null,null,null,null,null,null,null,null,null,null,null,null,null,null,null,null,null,null,null,null,null,null,null,null,null,null,null
AIS Observers Posting,null,https://aisobservers.bamboohr.com/careers/73,"AIS Observers, Inc.",null,AIS_AIS-73_0001_2025,null,null,BambooHR,null,null,null,null,null,null,null,null,null,null,null,null,null,null,null,null,null,null,null,null,null,null,null,null,null,null,null,null,null,null,null,null
AIS Observers Posting,null,https://aisobservers.bamboohr.com/careers/74,"AIS Observers, Inc.",null,AIS_AIS-74_0001_2025,null,null,BambooHR,null,null,null,null,null,null,null,null,null,null,null,null,null,null,null,null,null,null,null,null,null,null,null,null,null,null,null,null,null,null,null,null
AIS Observers Posting,null,https://aisobservers.bamboohr.com/careers/75,"AIS Observers, Inc.",null,AIS_AIS-75_0001_2025,null,null,BambooHR,null,null,null,null,null,null,null,null,null,null,null,null,null,null,null,null,null,null,null,null,null,null,null,null,null,null,null,null,null,null,null,null
AIS Observers Posting,null,https://aisobservers.bamboohr.com/careers/76,"AIS Observers, Inc.",null,AIS_AIS-76_0001_2025,null,null,BambooHR,null,null,null,null,null,null,null,null,null,null,null,null,null,null,null,null,null,null,null,null,null,null,null,null,null,null,null,null,null,null,null,null
AIS Observers Posting,null,https://aisobservers.bamboohr.com/careers/79,"AIS Observers, Inc.",null,AIS_AIS-79_0001_2025,null,null,BambooHR,null,null,null,null,null,null,null,null,null,null,null,null,null,null,null,null,null,null,null,null,null,null,null,null,null,null,null,null,null,null,null,null
AIS Observers Posting,null,https://aisobservers.bamboohr.com/careers/80,"AIS Observers, Inc.",null,AIS_AIS-80_0001_2025,null,null,BambooHR,null,null,null,null,null,null,null,null,null,null,null,null,null,null,null,null,null,null,null,null,null,null,null,null,null,null,null,null,null,null,null,null
AIS Observers Posting,null,https://aisobservers.bamboohr.com/careers/87,"AIS Observers, Inc.",null,AIS_AIS-87_0001_2025,null,null,BambooHR,null,null,null,null,null,null,null,null,null,null,null,null,null,null,null,null,null,null,null,null,null,null,null,null,null,null,null,null,null,null,null,null
Forest Practice Technician,null,null,Quinault Indian Nation,null,QIN_QIN-FPT-2025-06-25_0001_2025,Forest Practice Technician,null,null,null,null,null,null,null,null,null,null,null,null,null,null,null,null,null,null,null,null,null,null,null,null,null,null,Updated on 2025-06-25,null,null,null,null,null,null,null
Archaeology and Cultural Resources Section Supervisor,null,null,Quinault Indian Nation,null,QIN_QIN-ACRSS-2025-06-25_0001_2025,Archaeology and Cultural Resources Section Supervisor,null,null,null,null,null,null,null,null,null,null,null,null,null,null,null,null,null,null,null,null,null,null,null,null,null,null,Updated on 2025-06-25,null,null,null,null,null,null,null
Natural Resource Technician,null,null,Skagit River System Cooperative,null,SRSC_SRSC-NRT-2025-04-08_0001_2025,Natural Resource Technician,null,null,null,null,null,null,null,null,null,null,null,null,null,null,null,null,null,null,null,null,null,null,null,null,null,null,Updated on 2025-04-08,null,null,null,null,null,null,null
Hatchery Manager,null,null,Sauk-Suiattle Tribe,null,SST_SST-HM-2025-02-18_0001_2025,Hatchery Manager,null,null,null,null,null,null,null,null,null,null,null,null,null,null,null,null,null,null,null,null,null,null,null,null,null,null,Updated on 2025-02-18,null,null,null,null,null,null,null
Senior Restoration Ecologist,null,null,Skagit River System Cooperative,null,SRSC_SRSC-SRE-2025-02-03_0001_2025,Senior Restoration Ecologist,null,null,null,null,null,null,null,null,null,null,null,null,null,null,null,null,null,null,null,null,null,null,null,null,null,null,Updated on 2025-02-03,null,null,null,null,null,null,null
Harvest Management Biologist,null,null,Upper Skagit Indian Tribe,null,USIT_USIT-HMB-2024-05-28_0001_2025,Harvest Management Biologist,null,null,null,null,null,null,null,null,null,null,null,null,null,null,null,null,null,null,null,null,null,null,null,null,null,null,Updated on 2024-05-28,null,null,null,null,null,null,null
